﻿{"cameraMode":{"drawMode":0,"name":"Shaded","section":"Shading Mode"},"sceneLighting":true,"audioPlay":false,"sceneViewState":{"showFog":true,"showMaterialUpdate":false,"showSkybox":true,"showFlares":true,"showImageEffects":true,"showParticleSystems":true},"in2DMode":false,"pivot":{"x":5.870366096496582,"y":-8.533846855163575,"z":-34.897491455078128},"rotation":{"x":0.36653298139572146,"y":0.23374135792255402,"z":-0.09564846754074097,"w":0.8954907059669495},"size":21.38871955871582,"orthographic":false}