﻿{"cameraMode":{"drawMode":0,"name":"Shaded","section":"Shading Mode"},"sceneLighting":true,"audioPlay":false,"sceneViewState":{"showFog":true,"showMaterialUpdate":false,"showSkybox":true,"showFlares":true,"showImageEffects":true,"showParticleSystems":true},"in2DMode":false,"pivot":{"x":2.613449811935425,"y":7.475159645080566,"z":-63.263587951660159},"rotation":{"x":-0.2778051197528839,"y":0.34654268622398379,"z":-0.10899947583675385,"w":-0.889437735080719},"size":3.4416584968566896,"orthographic":false}